Эребуни, 2 ком., 42 кв.м., 3/4 этаж	2	250000	42	https://www.list.am/ru/item/20208507
Эребуни, 1 ком., 28 кв.м., 2/5 этаж	1	130000	28	https://www.list.am/ru/item/20208422
Эребуни, 2 ком., 74 кв.м., 13/15 этаж	2	450000	74	https://www.list.am/ru/item/19592535
Эребуни, 4 ком., 82 кв.м., 1/9 этаж	4	400000	82	https://www.list.am/ru/item/19983676
Эребуни, 2 ком., 50 кв.м., 3/5 этаж	2	260000	50	https://www.list.am/ru/item/20172073
Эребуни, 3 ком., 86 кв.м., 5/9 этаж	3	230000	86	https://www.list.am/ru/item/20049743
Эребуни, 1 ком., 38 кв.м., 3/4 этаж	1	245000	38	https://www.list.am/ru/item/19792581
Эребуни, 1 ком., 15 кв.м., 2/5 этаж	1	80000	15	https://www.list.am/ru/item/17787548
Эребуни, 3 ком., 75 кв.м., 4/4 этаж	3	350000	75	https://www.list.am/ru/item/20166535
Эребуни, 3 ком., 84 кв.м., 6/14 этаж	3	450000	84	https://www.list.am/ru/item/19431589
Эребуни, 2 ком., 39 кв.м., 6/9 этаж	2	250000	39	https://www.list.am/ru/item/20141136
Эребуни, 5 ком., 100 кв.м., 2/9 этаж	5	400000	100	https://www.list.am/ru/item/19930623
Эребуни, 3 ком., 83 кв.м., 4/5 этаж	3	250000	83	https://www.list.am/ru/item/20206106
Эребуни, 4 ком., 81 кв.м., 8/9 этаж	4	250000	81	https://www.list.am/ru/item/20026944
Эребуни, 3 ком., 85 кв.м., 4/15 этаж	3	350000	85	https://www.list.am/ru/item/19966278
Эребуни, 1 ком., 32 кв.м., 2/4 этаж	1	200000	32	https://www.list.am/ru/item/19781683
Эребуни, 1 ком., 18 кв.м., 8/8 этаж	1	110000	18	https://www.list.am/ru/item/20205410
Эребуни, 1 ком., 24 кв.м., 2/5 этаж	1	130000	24	https://www.list.am/ru/item/20149143
Эребуни, 2 ком., 60 кв.м., 2/2 этаж	2	250000	60	https://www.list.am/ru/item/19917920
Эребуни, 2 ком., 42 кв.м., 5/5 этаж	2	250000	42	https://www.list.am/ru/item/20204200
Эребуни, 2 ком., 65 кв.м., 2/5 этаж	2	350000	65	https://www.list.am/ru/item/18785664
Эребуни, 2 ком., 65 кв.м., 2/5 этаж	2	350000	65	https://www.list.am/ru/item/18785644
Эребуни, 3 ком., 78 кв.м., 4/5 этаж	3	250000	78	https://www.list.am/ru/item/20203353
Эребуни, 2 ком., 40 кв.м., 1/3 этаж	2	260000	40	https://www.list.am/ru/item/19558305
Эребуни, 4 ком., 220 кв.м., 4/9 этаж	4	490000	220	https://www.list.am/ru/item/19663243
Эребуни, 3 ком., 80 кв.м., 3/15 этаж	3	470000	80	https://www.list.am/ru/item/18908475
Эребуни, 3 ком., 75 кв.м., 9/14 этаж	3	300000	75	https://www.list.am/ru/item/20160190
Эребуни, 2 ком., 42 кв.м., 2/4 этаж	2	250000	42	https://www.list.am/ru/item/20201884
Эребуни, 3 ком., 85 кв.м., 4/4 этаж	3	350000	85	https://www.list.am/ru/item/19933822
Эребуни, 3 ком., 80 кв.м., 6/9 этаж	3	320000	80	https://www.list.am/ru/item/20144669
Эребуни, 2 ком., 50 кв.м., 3/3 этаж	2	280000	50	https://www.list.am/ru/item/19448336
Эребуни, 1 ком., 42 кв.м., 8/9 этаж	1	200000	42	https://www.list.am/ru/item/20184649
Эребуни, 2 ком., 40 кв.м., 1/2 этаж	2	270000	40	https://www.list.am/ru/item/19549212
Эребуни, 3 ком., 78 кв.м., 5/9 этаж	3	385000	78	https://www.list.am/ru/item/20173342
Эребуни, 4 ком., 71 кв.м., 3/3 этаж	4	380000	71	https://www.list.am/ru/item/20174396
Эребуни, 3 ком., 80 кв.м., 1/2 этаж	3	350000	80	https://www.list.am/ru/item/19916640
Эребуни, 3 ком., 55 кв.м., 3/14 этаж	3	300000	55	https://www.list.am/ru/item/18594252
Эребуни, 1 ком., 25 кв.м., 1/2 этаж	1	140000	25	https://www.list.am/ru/item/19912219
Эребуни, 1 ком., 35 кв.м., 1/2 этаж	1	140000	35	https://www.list.am/ru/item/17712430
Эребуни, 7 ком., 550 кв.м., 2/2 этаж	7	1000000	550	https://www.list.am/ru/item/20198461
Эребуни, 2 ком., 40 кв.м., 1/3 этаж	2	300000	40	https://www.list.am/ru/item/19609898
Эребуни, 2 ком., 72 кв.м., 3/5 этаж	2	270000	72	https://www.list.am/ru/item/19910844
Эребуни, 3 ком., 135 кв.м., 3/6 этаж	3	700000	135	https://www.list.am/ru/item/18267195
Эребуни, 2 ком., 60 кв.м., 3/9 этаж	2	310400	60	https://www.list.am/ru/item/19721906
Эребуни, 3 ком., 80 кв.м., 8/15 этаж	3	500000	80	https://www.list.am/ru/item/19926063
Эребуни, 2 ком., 66 кв.м., 4/9 этаж	2	270000	66	https://www.list.am/ru/item/20166889
Эребуни, 2 ком., 40 кв.м., 1/2 этаж	2	230000	40	https://www.list.am/ru/item/20197142
Эребуни, 1 ком., 48 кв.м., 3/5 этаж	1	220000	48	https://www.list.am/ru/item/17502538
Эребуни, 2 ком., 65 кв.м., 13/15 этаж	2	504400	65	https://www.list.am/ru/item/19787254
Эребуни, 3 ком., 85 кв.м., 10/10 этаж	3	450000	85	https://www.list.am/ru/item/19517112
Эребуни, 1 ком., 20 кв.м., 1/1 этаж	1	150000	20	https://www.list.am/ru/item/20172064
Эребуни, 3 ком., 65 кв.м., 2/3 этаж	3	350000	65	https://www.list.am/ru/item/19777036
Эребуни, 2 ком., 45 кв.м., 2/3 этаж	2	280000	45	https://www.list.am/ru/item/19774780
Эребуни, 4 ком., 80 кв.м., 8/9 этаж	4	250000	80	https://www.list.am/ru/item/19926917
Эребуни, 1 ком., 45 кв.м., 5/9 этаж	1	280000	45	https://www.list.am/ru/item/20157506
Эребуни, 2 ком., 40 кв.м., 2/3 этаж	2	280000	40	https://www.list.am/ru/item/19993899
Эребуни, 1 ком., 60 кв.м., 4/9 этаж	1	190000	60	https://www.list.am/ru/item/20195159
Эребуни, 3 ком., 68 кв.м., 3/4 этаж	3	330000	68	https://www.list.am/ru/item/19573487
Эребуни, 1 ком., 35 кв.м., 4/4 этаж	1	300000	35	https://www.list.am/ru/item/20126192
Эребуни, 4 ком., 130 кв.м., 10/10 этаж	4	650000	130	https://www.list.am/ru/item/19510743
Эребуни, 2 ком., 60 кв.м., 2/3 этаж	2	300000	60	https://www.list.am/ru/item/19663538
Эребуни, 4 ком., 130 кв.м., 10/10 этаж	4	550000	130	https://www.list.am/ru/item/20072892
Эребуни, 3 ком., 72 кв.м., 7/9 этаж	3	350000	72	https://www.list.am/ru/item/19781158
Эребуни, 3 ком., 80 кв.м., 3/15 этаж	3	470000	80	https://www.list.am/ru/item/19149965
Эребуни, 3 ком., 81 кв.м., 5/9 этаж	3	375000	81	https://www.list.am/ru/item/20170739
Эребуни, 2 ком., 44 кв.м., 3/5 этаж	2	350000	44	https://www.list.am/ru/item/18024244
Эребуни, 2 ком., 87 кв.м., 2/5 этаж	2	400000	87	https://www.list.am/ru/item/19610565
Эребуни, 3 ком., 110 кв.м., 3/4 этаж	3	420000	110	https://www.list.am/ru/item/19481704
Эребуни, 4 ком., 213 кв.м., 2/2 этаж	4	659600	213	https://www.list.am/ru/item/17079299
Эребуни, 2 ком., 34 кв.м., 4/4 этаж	2	220000	34	https://www.list.am/ru/item/19807127
Эребуни, 3 ком., 103 кв.м., 4/4 этаж	3	426800	103	https://www.list.am/ru/item/19992184
Эребуни, 2 ком., 53 кв.м., 4/5 этаж	2	200000	53	https://www.list.am/ru/item/20186607
Эребуни, 1 ком., 24 кв.м., 1/2 этаж	1	160000	24	https://www.list.am/ru/item/20185891
Эребуни, 1 ком., 18 кв.м., 2/5 этаж	1	130000	18	https://www.list.am/ru/item/20185890
Эребуни, 3 ком., 78 кв.м., 4/5 этаж	3	280000	78	https://www.list.am/ru/item/20164518
Эребуни, 3 ком., 75 кв.м., 2/5 этаж	3	350000	75	https://www.list.am/ru/item/19991420
Эребуни, 3 ком., 58 кв.м., 6/6 этаж	3	280000	58	https://www.list.am/ru/item/20010781
Эребуни, 1 ком., 21 кв.м., 1/1 этаж	1	35000	21	https://www.list.am/ru/item/18998128
Эребуни, 2 ком., 33 кв.м., 4/5 этаж	2	250000	33	https://www.list.am/ru/item/20177577
Эребуни, 1 ком., 18 кв.м., 1/1 этаж	1	60000	18	https://www.list.am/ru/item/18342704
Эребуни, 3 ком., 80 кв.м., 12/14 этаж	3	310400	80	https://www.list.am/ru/item/20177303
Эребуни, 3 ком., 80 кв.м., 13/15 этаж	3	400000	80	https://www.list.am/ru/item/19950407
Эребуни, 2 ком., 40 кв.м., 5/5 этаж	2	350000	40	https://www.list.am/ru/item/20140578
Эребуни, 1 ком., 40 кв.м., 5/9 этаж	1	250000	40	https://www.list.am/ru/item/20171017
Эребуни, 3 ком., 85 кв.м., 4/5 этаж	3	500000	85	https://www.list.am/ru/item/20017999
Эребуни, 1 ком., 45 кв.м., 2/4 этаж	1	250000	45	https://www.list.am/ru/item/19858650
Эребуни, 1 ком., 42 кв.м., 6/6 этаж	1	150000	42	https://www.list.am/ru/item/19984933
Эребуни, 2 ком., 45 кв.м., 1/3 этаж	2	300000	45	https://www.list.am/ru/item/20066911
Эребуни, 1 ком., 25 кв.м., 4/8 этаж	1	180000	25	https://www.list.am/ru/item/19815148
Эребуни, 1 ком., 28 кв.м., 2/5 этаж	1	130000	28	https://www.list.am/ru/item/20160571
Эребуни, 3 ком., 96 кв.м., 3/9 этаж	3	350000	96	https://www.list.am/ru/item/19730767
Эребуни, 3 ком., 90 кв.м., 2/9 этаж	3	350000	90	https://www.list.am/ru/item/18737106
Эребуни, 3 ком., 100 кв.м., 1/2 этаж	3	350000	100	https://www.list.am/ru/item/18556773
Эребуни, 3 ком., 103 кв.м., 4/4 этаж	3	543200	103	https://www.list.am/ru/item/19991765
Эребуни, 2 ком., 60 кв.м., 1/3 этаж	2	300000	60	https://www.list.am/ru/item/19699701
Эребуни, 2 ком., 35 кв.м., 3/4 этаж	2	240000	35	https://www.list.am/ru/item/20124375
Эребуни, 3 ком., 110 кв.м., 3/5 этаж	3	450000	110	https://www.list.am/ru/item/19631122
Эребуни, 2 ком., 70 кв.м., 4/5 этаж	2	280000	70	https://www.list.am/ru/item/20105096
Эребуни, 2 ком., 76 кв.м., 3/5 этаж	2	320000	76	https://www.list.am/ru/item/20055313
Эребуни, 4 ком., 86 кв.м., 14/14 этаж	4	550000	86	https://www.list.am/ru/item/19640055
Эребуни, 2 ком., 44 кв.м., 5/5 этаж	2	270000	44	https://www.list.am/ru/item/18551837
Эребуни, 3 ком., 80 кв.м., 2/15 этаж	3	500000	80	https://www.list.am/ru/item/19123867
Эребуни, 4 ком., 98 кв.м., 5/5 этаж	4	550000	98	https://www.list.am/ru/item/20066645
Эребуни, 1 ком., 54 кв.м., 1/5 этаж	1	150000	54	https://www.list.am/ru/item/19786052
Эребуни, 2 ком., 70 кв.м., 6/16 этаж	2	465600	70	https://www.list.am/ru/item/20006146
Эребуни, 3 ком., 80 кв.м., 14/14 этаж	3	450000	80	https://www.list.am/ru/item/19100583
Эребуни, 3 ком., 104 кв.м., 5/5 этаж	3	700000	104	https://www.list.am/ru/item/19828291
Эребуни, 3 ком., 80 кв.м., 5/9 этаж	3	350000	80	https://www.list.am/ru/item/19617871
Эребуни, 2 ком., 30 кв.м., 8/8 этаж	2	150000	30	https://www.list.am/ru/item/19805406
Эребуни, 3 ком., 74 кв.м., 4/4 этаж	3	300000	74	https://www.list.am/ru/item/19839821
Эребуни, 4 ком., 142 кв.м., 2/2 этаж	4	931200	142	https://www.list.am/ru/item/19308897
Эребуни, 3 ком., 100 кв.м., 7/15 этаж	3	650000	100	https://www.list.am/ru/item/19111526
Эребуни, 2 ком., 46 кв.м., 5/5 этаж	2	300000	46	https://www.list.am/ru/item/19899501
Эребуни, 2 ком., 72 кв.м., 11/14 этаж	2	300000	72	https://www.list.am/ru/item/18177922
Эребуни, 4 ком., 80 кв.м., 2/15 этаж	4	500000	80	https://www.list.am/ru/item/19256949
Эребуни, 1 ком., 30 кв.м., 3/4 этаж	1	210000	30	https://www.list.am/ru/item/19730927
Эребуни, 2 ком., 33 кв.м., 1/1 этаж	2	230000	33	https://www.list.am/ru/item/19982869
Эребуни, 2 ком., 60 кв.м., 3/5 этаж	2	280000	60	https://www.list.am/ru/item/19982609
Эребуни, 2 ком., 33 кв.м., 1/1 этаж	2	230000	33	https://www.list.am/ru/item/19933045
Эребуни, 3 ком., 73 кв.м., 4/9 этаж	3	36084000	73	https://www.list.am/ru/item/18528692
Эребуни, 2 ком., 60 кв.м., 2/2 этаж	2	200000	60	https://www.list.am/ru/item/19965341
